cliente_id,cliente_nombre,cliente_apellido,cliente_documento,cliente_mail,cliente_telefono
1,Sofía,Torres,3775602,ehatfull0@google.ru,549502411
2,Patricia,Díaz,7569783,mewin1@youtu.be,549955841
3,Mariana,Romero,2239657,larrowsmith2@bloglovin.com,549302162
4,Valeria,Díaz,2178010,sharness3@bizjournals.com,549402606
5,Gabriela,Rodríguez,5989696,lbatte4@slideshare.net,549002945
6,Sofía,García,3259760,amckague5@mit.edu,549008307
7,Luis,Reyes,4740552,einstone6@paginegialle.it,549076467
8,Fernando,Aguilar,7482809,dwilloughley7@live.com,549677387
9,Fernanda,Aguilar,4841679,szorzutti8@linkedin.com,549905537
10,Lorena,Gómez,7085223,epartington9@sohu.com,549680879
11,Adriana,Aguilar,3697174,kbaraclougha@bloomberg.com,549854453
12,Martín,González,7445706,hlibbyb@123-reg.co.uk,549273799
13,Ana,Aguilar,4616271,mniccollsc@ucoz.ru,549763176
14,Beatriz,Mendoza,7087434,hprobetsd@delicious.com,549367241
15,Sebastián,Álvarez,6310424,bpendrille@ocn.ne.jp,549800265
16,Luis,Rodríguez,1795482,mbusherf@delicious.com,549056549
17,Fernanda,Flores,5231550,vswaffordg@wp.com,549815581
18,Pablo,Martínez,3671556,kcrowderh@storify.com,549181612
19,Carmen,González,7439170,cwisdishi@imageshack.us,549329202
20,Martín,Gutiérrez,4381450,amansonj@adobe.com,549412295
21,Fernanda,Mendoza,6143847,gsummerrellk@umn.edu,549115734
22,Valeria,Torres,2329075,dshildrickl@bloglines.com,549818945
23,Gabriela,Pérez,3516457,jnaptinem@admin.ch,549422919
24,Sebastián,Álvarez,5920956,ssaylesn@addthis.com,549532279
25,Patricia,Rojas,4979596,ktafto@ask.com,549555109
26,Mateo,Navarro,2659382,mbauchopp@twitter.com,549630236
27,Ana,García,6469460,pmitchleyq@sfgate.com,549855268
28,Andrés,Pérez,4580709,spulfordr@archive.org,549697485
29,Adriana,Romero,4817101,keddollss@scientificamerican.com,549309004
30,Pablo,Castillo,6997703,sbernakiewiczt@ovh.net,549397190
31,Fernanda,Flores,5185972,acainesu@zimbio.com,549974850
32,Ana,Sánchez,4825367,pdanielyv@zimbio.com,549337731
33,Fernanda,Castillo,2010377,bboeterw@bloomberg.com,549172316
34,Gabriela,Rodríguez,5540154,khartoppx@taobao.com,549004546
35,Patricia,López,4331634,aoverthrowy@stumbleupon.com,549421765
36,Lorena,Ortega,5409198,bbovisz@multiply.com,549123381
37,Martín,Torres,1987077,wnussgen10@meetup.com,549334918
38,Juan,Cruz,7295960,cwellbank11@prweb.com,549180637
39,Lorena,Álvarez,1768211,hprebble12@disqus.com,549646590
40,Valeria,Martínez,7373085,lmouland13@google.nl,549838972
41,Sebastián,Navarro,3771882,lhowgego14@scribd.com,549478788
42,Diego,Jiménez,1722220,nollerhad15@addtoany.com,549668969
43,Fernanda,López,5539404,mlehuquet16@ca.gov,549482578
44,Javier,Silva,4240200,mhollyar17@lycos.com,549260695
45,Lorena,Sánchez,7457391,wdelaeglise18@thetimes.co.uk,549765866
46,Ana,Morales,7492441,ctregiddo19@vinaora.com,549188399
47,Diego,Díaz,4803658,rpannaman1a@salon.com,549903787
48,Ricardo,Rivera,5338823,tpalfrey1b@mapy.cz,549036203
49,Fernanda,Morales,6613478,cmacloughlin1c@bizjournals.com,549722958
50,Sofía,Ortega,2196041,rneeve1d@privacy.gov.au,549351143
51,Javier,Díaz,5987599,cstrotone1e@engadget.com,549201391
52,Fernanda,García,5111918,lmerlin1f@sohu.com,549259460
53,Carmen,Ortiz,6131179,ogant1g@clickbank.net,549798726
54,Ana,Mendoza,6099929,cbristoe1h@si.edu,549123257
55,Lucas,Guerrero,1733161,amaruska1i@drupal.org,549712511
56,Luis,Sánchez,1981882,ckondratenko1j@nps.gov,549418473
57,Valentina,Cruz,7549665,athews1k@google.co.uk,549076389
58,Ricardo,Flores,2785312,nguilfoyle1l@so-net.ne.jp,549473146
59,Valeria,Reyes,2294593,aunsworth1m@aboutads.info,549771002
60,Camila,Ramírez,3672690,pmackro1n@ow.ly,549837256
61,Fernando,García,2288282,wwarricker1o@nhs.uk,549005325
62,Isabella,Silva,5191341,jwillows1p@purevolume.com,549562866
63,Emilio,Martínez,2150025,vingerson1q@businessweek.com,549045232
64,Juan,Jiménez,2386969,dbedminster1r@amazon.de,549357416
65,Andrés,Castillo,4642163,vskrine1s@sphinn.com,549176122
66,Mariana,Castillo,4541866,bcabera1t@weather.com,549420988
67,Camila,Sánchez,6811658,cdewdney1u@prnewswire.com,549324818
68,Lucas,Rodríguez,2651064,mboswood1v@latimes.com,549146727
69,Carlos,Ruiz,6250299,pnapthine1w@nps.gov,549488404
70,Beatriz,González,4313916,yjambrozek1x@zimbio.com,549055225
71,Gabriela,Rodríguez,7062160,mlent1y@last.fm,549389813
72,Ana,Sánchez,4162905,showlin1z@hatena.ne.jp,549188389
73,Andrés,Ruiz,6329808,kpatullo20@google.com.br,549216142
74,Patricia,García,4746909,bdulinty21@geocities.com,549721097
75,Mateo,Rojas,6798620,nnaish22@mashable.com,549955908
76,Mariana,Díaz,2991537,fhans23@ted.com,549282467
77,Isabella,Díaz,3998453,hofen24@seattletimes.com,549196402
78,Alejandro,García,3456995,csutherel25@ucla.edu,549331853
79,Valentina,Pérez,5785267,rdornin26@sakura.ne.jp,549261209
80,Gabriela,Vargas,4932482,jshetliff27@nih.gov,549265206
81,Valeria,Ortiz,6947394,esegrave28@pcworld.com,549608418
82,Valeria,Rivera,2624876,kmanach29@alexa.com,549982782
83,Daniel,Gómez,1925635,btregent2a@google.fr,549773424
84,Joaquín,Ortega,2663424,nlionel2b@sogou.com,549587423
85,Luis,Sánchez,3025627,alinner2c@mayoclinic.com,549692307
86,Alejandro,Ruiz,3207877,bleal2d@studiopress.com,549086228
87,Laura,Gómez,7005798,asandlin2e@arizona.edu,549497194
88,Lorena,Navarro,7308483,bvallintine2f@cyberchimps.com,549338465
89,Gabriela,Reyes,1761108,sblethin2g@163.com,549283514
90,Camila,Pérez,3103068,gnorbury2h@psu.edu,549709107
91,Diego,Medina,4123160,sgreenhaugh2i@shinystat.com,549827749
92,Martín,Castillo,6673752,gmaletratt2j@ocn.ne.jp,549599782
93,Gabriela,Rodríguez,2087484,aimloch2k@unicef.org,549327532
94,Beatriz,Morales,2626807,eberk2l@bandcamp.com,549188037
95,Laura,Mendoza,7181358,jpuller2m@qq.com,549497840
96,Beatriz,Morales,5584570,ecappineer2n@ihg.com,549166139
97,María,Ruiz,3748323,dveal2o@java.com,549998585
98,Joaquín,Flores,6375262,lsanto2p@edublogs.org,549476799
99,Camila,Navarro,6468947,smcalpine2q@smugmug.com,549874072
100,Isabella,Medina,4941600,amaybury2r@sciencedirect.com,549029665
